,iso_code,year,population,gdp,electricity_demand,electricity_generation,net_elec_imports,primary_energy_consumption,greenhouse_gas_emissions
211,AUS,2001,19365438.0,713890072308.0,224.26,224.26,0.0,1315.385,180.11
212,AUS,2002,19595356.0,747065694937.0,223.49,223.49,0.0,1341.745,177.6
213,AUS,2003,19819449.0,774450991263.0,225.95,225.95,0.0,1360.862,178.99
214,AUS,2004,20046679.0,809792445090.0,229.23,229.23,0.0,1404.444,181.74
215,AUS,2005,20294490.0,840092380696.0,230.74,230.74,0.0,1410.35,182.7
216,AUS,2006,20590566.0,866678665246.0,237.99,237.99,0.0,1470.838,188.13
217,AUS,2007,20954545.0,911250727265.0,243.19,243.19,0.0,1506.167,192.4
218,AUS,2008,21370595.0,937889628737.0,245.38,245.38,0.0,1531.745,194.22
219,AUS,2009,21783014.0,963129933389.0,249.9,249.9,0.0,1509.545,196.2
220,AUS,2010,22141583.0,993853968687.0,250.97,250.97,0.0,1508.838,194.67
221,AUS,2011,22479779.0,1024000293343.0,256.28,256.28,0.0,1558.602,192.06
222,AUS,2012,22852648.0,1062662906305.0,250.66,250.66,0.0,1536.113,187.24
223,AUS,2013,23236271.0,1086068056518.0,249.56,249.56,0.0,1555.586,181.22
224,AUS,2014,23595599.0,1113888062929.0,247.65,247.65,0.0,1566.458,181.82
225,AUS,2015,23947997.0,1139303344945.0,253.99,253.99,0.0,1601.626,185.34
226,AUS,2016,24329963.0,1169967279612.0,258.23,258.23,0.0,1606.889,184.25
227,AUS,2017,24731044.0,1197832839959.0,258.97,258.97,0.0,1602.028,185.96
228,AUS,2018,25119700.0,1231576952488.0,262.63,262.63,0.0,1625.908,180.8
229,AUS,2019,25482714.0,1255505542015.0,265.9,265.9,0.0,1680.293,178.18
230,AUS,2020,25743787.0,1232259790388.0,265.15,265.15,0.0,1585.412,170.31
231,AUS,2021,25956417.0,1296705194119.0,267.45,267.45,0.0,1589.323,162.05
232,AUS,2022,26200987.0,1344251444393.0,272.92,272.92,0.0,1660.79,157.71
233,AUS,2023,26451126.0,,273.11,273.11,0.0,1657.377,151.93
234,AUS,2024,26713206.0,,279.9,279.9,0.0,1672.114,154.39
401,BEL,2001,10287005.0,349015220419.0,87.74,78.63,9.11,736.859,19.88
402,BEL,2002,10332975.0,355705534550.0,88.53,80.94,7.59,733.474,20.22
403,BEL,2003,10376262.0,358937085300.0,89.98,83.57,6.41,761.691,20.82
404,BEL,2004,10421298.0,372499172102.0,90.69,82.91,7.78,764.62,20.53
405,BEL,2005,10478883.0,380840056202.0,90.68,84.38,6.3,756.118,20.34
406,BEL,2006,10548445.0,390874955040.0,93.5,83.34,10.16,758.241,19.3
407,BEL,2007,10625488.0,404721960651.0,93.59,86.81,6.78,763.469,19.47
408,BEL,2008,10709711.0,408290544814.0,93.66,83.06,10.6,775.734,18.13
409,BEL,2009,10812936.0,399489943721.0,87.92,89.76,-1.84,715.849,19.47
410,BEL,2010,10936619.0,411261674695.0,93.58,93.03,0.55,764.788,19.8
411,BEL,2011,11038624.0,420934235947.0,91.81,89.27,2.54,713.712,17.22
412,BEL,2012,11107522.0,424045845634.0,91.45,81.51,9.94,684.939,16.52
413,BEL,2013,11160277.0,425993254852.0,91.59,81.95,9.64,701.919,15.1
414,BEL,2014,11210113.0,432717694183.0,88.8,71.2,17.6,650.851,13.52
415,BEL,2015,11275332.0,441551470878.0,89.43,68.43,21.0,657.427,14.75
416,BEL,2016,11332707.0,447144517813.0,90.49,84.31,6.18,709.509,13.38
417,BEL,2017,11376583.0,454386396677.0,91.36,85.34,6.02,716.042,13.61
418,BEL,2018,11428608.0,462533269863.0,91.2,73.87,17.33,714.205,13.81
419,BEL,2019,11490623.0,472897988852.0,90.84,92.69,-1.85,738.369,14.51
420,BEL,2020,11540102.0,447544069854.0,87.96,88.29,-0.33,663.906,14.71
421,BEL,2021,11570843.0,474995824355.0,91.51,99.39,-7.88,738.285,13.1
422,BEL,2022,11641814.0,489678394377.0,86.8,94.33,-7.53,694.453,13.15
423,BEL,2023,11712891.0,,83.84,82.2,1.64,650.558,11.09
424,BEL,2024,11738761.0,,84.43,74.93,9.5,644.116,8.81
588,BRA,2001,176301201.0,1785513006345.0,366.4,328.55,37.85,2304.051,34.74
589,BRA,2002,178503485.0,1861742323845.0,382.28,345.72,36.56,2351.535,33.64
590,BRA,2003,180622688.0,1904932706436.0,402.58,364.39,38.19,2386.334,33.04
591,BRA,2004,182675144.0,2038447931287.0,424.87,387.49,37.38,2503.373,39.44
592,BRA,2005,184688101.0,2129214530430.0,442.11,403.07,39.04,2569.063,39.86
593,BRA,2006,186653099.0,2240805319046.0,460.61,419.45,41.16,2641.583,40.25
594,BRA,2007,188552311.0,2405626901513.0,483.98,445.15,38.83,2810.543,40.47
595,BRA,2008,190367297.0,2559842659987.0,505.39,463.18,42.21,2936.354,52.63
596,BRA,2009,192079958.0,2589568436235.0,506.15,466.17,39.98,2925.52,40.73
597,BRA,2010,193701931.0,2820492538862.0,550.45,515.8,34.65,3188.735,58.88
598,BRA,2011,195284736.0,2968455007203.0,567.65,531.76,35.89,3316.323,53.05
599,BRA,2012,196876113.0,3025484250011.0,592.76,552.5,40.26,3408.335,70.91
600,BRA,2013,198478290.0,3116394665745.0,611.16,570.83,40.33,3500.955,95.81
601,BRA,2014,200085126.0,3132099937531.0,624.33,590.55,33.78,3575.635,113.94
602,BRA,2015,201675534.0,3021043246476.0,615.64,581.22,34.42,3535.438,109.64
603,BRA,2016,203218108.0,2922076150345.0,619.68,578.89,40.79,3451.454,86.63
604,BRA,2017,204703440.0,2960731613785.0,625.67,589.32,36.35,3477.629,91.86
605,BRA,2018,206107265.0,3013541086239.0,636.37,601.39,34.98,3486.378,82.36
606,BRA,2019,207455459.0,3050327159562.0,658.29,633.33,24.96,3567.019,89.89
607,BRA,2020,208660845.0,2950377451264.0,653.48,628.76,24.72,3422.429,83.85
608,BRA,2021,209550291.0,3097565215045.0,679.21,656.11,23.1,3581.199,110.26
609,BRA,2022,210306411.0,3187412907763.0,690.08,677.17,12.91,3731.718,69.97
610,BRA,2023,211140731.0,,725.1,709.99,15.11,3853.746,68.44
611,BRA,2024,211998565.0,,760.37,745.26,15.11,3919.054,76.92
776,CAN,2001,31213578.0,1161459919261.0,565.46,587.76,-22.3,3572.098,150.26
777,CAN,2002,31535579.0,1199865635264.0,578.48,599.79,-21.31,3693.393,147.02
778,CAN,2003,31836483.0,1224575760991.0,582.53,588.27,-5.74,3711.021,148.03
779,CAN,2004,32132680.0,1265917327101.0,587.97,598.5,-10.53,3768.068,140.85
780,CAN,2005,32440172.0,1310077836124.0,596.65,620.5,-23.85,3796.704,139.62
781,CAN,2006,32759174.0,1348293394113.0,589.32,608.43,-19.11,3669.61,131.73
782,CAN,2007,33092171.0,1379925831954.0,603.24,634.19,-30.95,3918.65,144.44
783,CAN,2008,33449088.0,1397938727409.0,602.95,635.11,-32.16,3871.871,135.58
784,CAN,2009,33826370.0,1360538049277.0,580.25,613.87,-33.62,3720.504,125.43
785,CAN,2010,34196900.0,1406355361431.0,582.01,607.03,-25.02,3760.554,130.38
786,CAN,2011,34555449.0,1454221365109.0,601.59,638.27,-36.68,3900.117,131.6
787,CAN,2012,34922513.0,1479829523672.0,589.79,636.54,-46.75,3901.693,123.1
788,CAN,2013,35293421.0,1514296485427.0,603.81,655.69,-51.88,4004.351,122.59
789,CAN,2014,35634265.0,1557757464897.0,607.36,652.97,-45.61,4009.156,123.32
790,CAN,2015,35962236.0,1568025782105.0,601.55,661.08,-59.53,4021.453,121.88
791,CAN,2016,36353345.0,1583727974022.0,604.35,668.15,-63.8,3973.037,120.72
792,CAN,2017,36808498.0,1631871440185.0,607.37,669.61,-62.24,4026.635,115.18
793,CAN,2018,37294996.0,1677189073139.0,613.31,661.51,-48.2,4082.489,112.98
794,CAN,2019,37782934.0,1708858221312.0,608.95,656.03,-47.08,4059.989,111.47
795,CAN,2020,38171903.0,1622144486274.0,596.26,653.9,-57.64,3834.944,104.95
796,CAN,2021,38454058.0,1703443269914.0,602.64,649.93,-47.29,3861.98,105.94
797,CAN,2022,38821259.0,1761295624423.0,607.84,658.95,-51.11,3964.521,103.32
798,CAN,2023,39299098.0,,605.52,633.19,-27.67,3887.86,104.57
799,CAN,2024,39742429.0,,614.68,627.18,-12.5,3886.195,109.64
917,CHN,2001,1278725061.0,6329737256820.0,1472.19,1480.79,-8.6,12470.063,1129.45
918,CHN,2002,1286866835.0,6814493895929.0,1645.61,1654.01,-8.4,13580.491,1278.82
919,CHN,2003,1294517323.0,7248623080792.0,1903.22,1910.58,-7.36,15818.756,1510.86
920,CHN,2004,1302100316.0,7830953177799.0,2197.23,2203.31,-6.08,18509.137,1714.96
921,CHN,2005,1310027135.0,8602939667333.0,2494.08,2500.26,-6.18,21027.164,1955.03
922,CHN,2006,1318054030.0,9489543138489.0,2858.84,2865.72,-6.88,23048.334,2253.92
923,CHN,2007,1325813576.0,10358206113742.0,3271.23,3281.54,-10.31,25049.576,2576.42
924,CHN,2008,1333821011.0,10799148337884.0,3482.96,3495.76,-12.8,26020.463,2611.15
925,CHN,2009,1342522717.0,11572544299171.0,3703.26,3714.64,-11.38,27158.898,2797.23
926,CHN,2010,1351561505.0,12858808500983.0,4193.65,4207.16,-13.51,29055.609,3115.99
927,CHN,2011,1360250658.0,13691526496125.0,4700.28,4713.02,-12.74,31336.537,3545.28
928,CHN,2012,1369520866.0,14773157494771.0,4976.76,4987.54,-10.78,32624.18,3591.78
929,CHN,2013,1379008040.0,15925464549520.0,5420.4,5431.63,-11.23,33852.566,3896.59
930,CHN,2014,1387951970.0,17103948867278.0,5783.04,5794.45,-11.41,34729.066,4019.77
931,CHN,2015,1396134171.0,18301224436466.0,5802.14,5814.58,-12.44,35135.988,3882.48
932,CHN,2016,1404052628.0,19545709173693.0,6120.44,6133.16,-12.72,35277.711,3996.77
933,CHN,2017,1412354730.0,20894362082435.0,6591.39,6604.44,-13.05,36649.383,4254.36
934,CHN,2018,1419008954.0,22294284747546.0,7150.92,7166.14,-15.22,38409.82,4563.94
935,CHN,2019,1423520357.0,23631941251482.0,7486.63,7503.43,-16.8,40188.723,4649.25
936,CHN,2020,1426106093.0,24151843898871.0,7762.03,7779.07,-17.04,41493.891,4716.12
937,CHN,2021,1426437269.0,26180600167672.0,8520.02,8534.26,-14.24,43847.18,5112.06
938,CHN,2022,1425179562.0,26966016991166.0,8835.76,8848.71,-12.95,44516.492,5191.54
939,CHN,2023,1422584930.0,,9443.07,9456.45,-13.38,47072.012,5518.86
940,CHN,2024,1419321284.0,,10058.67,10072.6,-13.93,48987.102,5636.14
1623,FRA,2001,59905131.0,2077786711965.0,474.21,542.6,-68.39,3143.046,37.24
1624,FRA,2002,60327247.0,2107316572579.0,474.21,551.24,-77.03,3118.919,41.46
1625,FRA,2003,60741119.0,2130940712046.0,492.72,559.13,-66.41,3153.042,45.21
1626,FRA,2004,61175244.0,2196883540402.0,504.39,566.3,-61.91,3180.13,43.71
1627,FRA,2005,61625031.0,2238790479440.0,508.81,569.14,-60.33,3154.079,48.68
1628,FRA,2006,62049831.0,2297018080700.0,503.96,567.3,-63.34,3128.931,43.44
1629,FRA,2007,62432438.0,2354672057875.0,505.03,561.84,-56.81,3075.79,45.01
1630,FRA,2008,62780187.0,2362451821701.0,518.99,566.98,-47.99,3084.845,43.11
1631,FRA,2009,63106460.0,2295352990111.0,502.94,528.87,-25.93,2908.91,39.98
1632,FRA,2010,63417366.0,2342490492199.0,531.65,562.36,-30.71,3001.231,44.18
1633,FRA,2011,63733776.0,2393401943613.0,511.24,567.65,-56.41,2897.71,42.36
1634,FRA,2012,64058465.0,2400896391731.0,523.06,567.58,-44.52,2894.858,44.04
1635,FRA,2013,64387736.0,2414733629218.0,528.29,576.75,-48.46,2925.053,43.99
1636,FRA,2014,64692495.0,2437822780219.0,499.12,566.31,-67.19,2797.782,29.56
1637,FRA,2015,64916337.0,2464953810985.0,510.08,574.14,-64.06,2823.427,33.96
1638,FRA,2016,65086853.0,2491956183265.0,517.34,558.84,-41.5,2766.597,38.34
1639,FRA,2017,65284775.0,2549057506683.0,516.33,556.46,-40.13,2756.229,43.55
1640,FRA,2018,65519537.0,2596599107835.0,512.93,575.9,-62.97,2790.429,34.51
1641,FRA,2019,65729460.0,2644453795826.0,508.0,565.67,-57.67,2731.347,33.82
1642,FRA,2020,65905273.0,2438594133224.0,482.38,527.42,-45.04,2444.265,31.16
1643,FRA,2021,66083547.0,2604822841790.0,505.56,550.45,-44.89,2597.561,32.91
1644,FRA,2022,66277412.0,2671568767031.0,483.43,468.49,14.94,2306.192,36.8
1645,FRA,2023,66438828.0,,467.12,517.59,-50.47,2406.514,28.61
1646,FRA,2024,66548532.0,,466.71,557.73,-91.02,2519.901,24.64
1764,DEU,2001,81933882.0,2793373055251.0,582.6,578.94,3.66,4062.799,327.36
1765,DEU,2002,82068328.0,2822441773260.0,593.76,583.76,10.0,4011.723,332.49
1766,DEU,2003,82111619.0,2831676106520.0,598.76,602.03,-3.27,4010.471,343.13
1767,DEU,2004,82092706.0,2894624877966.0,606.98,609.6,-2.62,4009.893,338.12
1768,DEU,2005,82046733.0,2945460930734.0,608.77,613.34,-4.57,3962.635,335.05
1769,DEU,2006,81701971.0,3086359147617.0,613.22,630.2,-16.98,4062.387,337.89
1770,DEU,2007,81298546.0,3220275669650.0,614.54,631.1,-16.56,3893.423,348.23
1771,DEU,2008,81110780.0,3289020399474.0,612.19,632.29,-20.1,3934.666,332.21
1772,DEU,2009,80935276.0,3136502162046.0,575.69,587.96,-12.27,3692.178,306.65
1773,DEU,2010,80830916.0,3301123203586.0,609.26,624.21,-14.95,3847.151,322.49
1774,DEU,2011,80857877.0,3467712967640.0,601.23,605.0,-3.77,3710.585,320.45
1775,DEU,2012,80916391.0,3482225441398.0,599.27,619.81,-20.54,3761.916,331.08
1776,DEU,2013,81041581.0,3497463140441.0,597.5,629.69,-32.19,3868.517,338.79
1777,DEU,2014,81376078.0,3574741315261.0,584.87,618.75,-33.88,3710.465,322.79
1778,DEU,2015,82077546.0,3628073946157.0,590.89,639.17,-48.28,3780.86,321.88
1779,DEU,2016,82760102.0,3708979940863.0,591.0,641.52,-50.52,3841.451,319.67
1780,DEU,2017,83104010.0,3808389445530.0,592.0,644.46,-52.46,3949.556,302.71
1781,DEU,2018,83368507.0,3845758522294.0,583.54,632.28,-48.74,3845.414,287.4
1782,DEU,2019,83559184.0,3886392581475.0,567.42,600.09,-32.67,3753.704,235.53
1783,DEU,2020,83628711.0,3742721113842.0,547.72,566.75,-19.03,3498.915,201.57
1784,DEU,2021,83697080.0,3841041747482.0,560.25,578.83,-18.58,3598.492,228.55
1785,DEU,2022,84086227.0,3909612753939.0,539.62,566.88,-27.26,3455.45,238.15
1786,DEU,2023,84548233.0,,505.92,496.7,9.22,3178.886,184.43
1787,DEU,2024,84552234.0,,502.32,476.87,25.45,3195.441,164.11
2161,IND,2001,1077898579.0,2940745466088.0,587.38,586.09,1.29,3740.874,438.04
2162,IND,2002,1097600380.0,3024984520809.0,610.99,609.64,1.35,3870.809,460.74
2163,IND,2003,1116803000.0,3251114494190.0,639.82,638.13,1.69,4008.71,483.7
2164,IND,2004,1135991509.0,3495022816540.0,700.02,698.32,1.7,4352.651,505.44
2165,IND,2005,1154676321.0,3752627653422.0,706.07,704.52,1.55,4608.417,517.14
2166,IND,2006,1172878888.0,4069856052453.0,747.17,744.43,2.74,4854.867,538.24
2167,IND,2007,1190676028.0,4403215224414.0,801.2,796.26,4.94,5268.96,571.61
2168,IND,2008,1207930960.0,4649548164533.0,834.25,828.41,5.84,5576.529,607.29
2169,IND,2009,1225524764.0,4993478894185.0,885.01,879.71,5.3,5988.39,654.41
2170,IND,2010,1243481565.0,5361371354007.0,943.02,937.47,5.55,6247.89,692.62
2171,IND,2011,1261224956.0,5720692888000.0,1039.12,1034.0,5.12,6587.01,745.82
2172,IND,2012,1278674501.0,6052427493607.0,1096.48,1091.84,4.64,6937.768,809.28
2173,IND,2013,1295829507.0,6424470752490.0,1150.09,1146.14,3.95,7163.062,844.32
2174,IND,2014,1312277184.0,6875186158349.0,1262.79,1262.22,0.57,7652.732,935.94
2175,IND,2015,1328024494.0,7391521519812.0,1322.19,1322.1,0.09,7892.49,986.0
2176,IND,2016,1343944296.0,8057465593010.0,1400.65,1401.74,-1.09,8262.856,1050.11
2177,IND,2017,1359657398.0,8550029645172.0,1469.74,1471.33,-1.59,8571.671,1088.49
2178,IND,2018,1374659067.0,9173201683791.0,1575.34,1579.18,-3.84,9063.36,1160.89
2179,IND,2019,1389030307.0,9595463242427.0,1618.96,1622.1,-3.14,9281.595,1159.6
2180,IND,2020,1402617694.0,8945313249462.0,1581.83,1581.94,-0.11,8792.22,1111.2
2181,IND,2021,1414203896.0,9801621018003.0,1695.48,1695.51,-0.03,9544.969,1203.61
2182,IND,2022,1425423209.0,10476248645535.0,1827.57,1829.3,-1.73,10059.478,1285.65
2183,IND,2023,1438069597.0,,1956.55,1958.24,-1.69,10827.859,1396.25
2184,IND,2024,1450935785.0,,2054.47,2057.54,-3.07,11336.057,1457.4
2185,IDN,2001,219097905.0,1185220908414.0,106.16,106.16,0.0,1246.685,66.46
2186,IDN,2002,222088499.0,1244249942443.0,113.04,113.04,0.0,1281.019,72.74
2187,IDN,2003,225048005.0,1309811268640.0,117.39,117.39,0.0,1391.678,77.07
2188,IDN,2004,227926649.0,1387446383159.0,124.78,124.78,0.0,1376.724,81.57
2189,IDN,2005,230871648.0,1474875329634.0,132.89,132.89,0.0,1416.892,86.45
2190,IDN,2006,233951650.0,1565012923832.0,138.0,138.0,0.0,1441.128,92.2
2191,IDN,2007,237062338.0,1674227359084.0,148.4,148.4,0.0,1546.681,98.41
2192,IDN,2008,240157902.0,1809491142510.0,155.9,155.9,0.0,1564.584,101.8
2193,IDN,2009,243220024.0,1905717479305.0,162.87,162.87,0.0,1607.271,107.59
2194,IDN,2010,246305327.0,2039334560589.0,177.56,177.56,0.0,1739.49,113.08
2195,IDN,2011,249470029.0,2178184530109.0,191.88,191.88,0.0,1837.594,128.06
2196,IDN,2012,252698525.0,2309530044109.0,208.96,208.96,0.0,1937.146,143.66
2197,IDN,2013,255852464.0,2437876929100.0,225.18,225.18,0.0,1824.511,153.64
2198,IDN,2014,258877395.0,2559933272409.0,237.55,237.54,0.01,1856.634,164.28
2199,IDN,2015,261799249.0,2684763880628.0,243.29,243.28,0.01,1896.461,169.39
2200,IDN,2016,264627429.0,2819889903036.0,258.24,257.55,0.69,1884.228,177.46
2201,IDN,2017,267346654.0,2962852274581.0,266.95,265.83,1.12,2023.711,183.01
2202,IDN,2018,269951847.0,3116158974437.0,285.29,283.79,1.5,2131.562,194.13
2203,IDN,2019,272489381.0,3272568062078.0,297.12,295.44,1.68,2253.939,204.98
2204,IDN,2020,274814861.0,3204972631957.0,293.37,291.82,1.55,2116.31,199.91
2205,IDN,2021,276758056.0,3323654666991.0,310.33,309.36,0.97,2196.681,211.67
2206,IDN,2022,278830527.0,3500093638879.0,334.34,333.54,0.8,2749.242,225.45
2207,IDN,2023,281190068.0,,351.49,350.6,0.89,2785.135,239.26
2208,IDN,2024,283487933.0,,,375.111,,2984.731,
2305,ITA,2001,57305760.0,1910272015654.0,320.28,271.9,48.38,2096.657,135.59
2306,ITA,2002,57420636.0,1929301903714.0,328.13,277.53,50.6,2101.486,145.17
2307,ITA,2003,57739697.0,1947667703883.0,337.24,286.27,50.97,2170.052,149.79
2308,ITA,2004,58176736.0,1994293720592.0,339.34,293.71,45.63,2224.656,150.08
2309,ITA,2005,58519696.0,2029243417217.0,343.78,294.63,49.15,2222.93,150.31
2310,ITA,2006,58754434.0,2086553648584.0,350.6,305.61,44.99,2221.864,154.87
2311,ITA,2007,59108723.0,2134371774096.0,352.45,306.17,46.28,2175.28,154.54
2312,ITA,2008,59561687.0,2129113318512.0,351.6,311.57,40.03,2150.094,151.27
2313,ITA,2009,59904016.0,2029023036275.0,331.32,286.36,44.96,1994.81,131.32
2314,ITA,2010,60164212.0,2080545936781.0,340.79,296.63,44.16,2062.27,132.42
2315,ITA,2011,60367882.0,2110883320816.0,344.1,298.37,45.73,2020.391,132.93
2316,ITA,2012,60531522.0,2047959835066.0,338.35,295.25,43.1,1959.975,129.35
2317,ITA,2013,60653864.0,2010255414011.0,328.16,286.02,42.14,1863.063,114.08
2318,ITA,2014,60664169.0,2010164047423.0,320.25,276.53,43.72,1816.316,104.87
2319,ITA,2015,60575314.0,2025809415322.0,326.08,279.7,46.38,1838.465,111.49
2320,ITA,2016,60478103.0,2052012434345.0,322.98,285.95,37.03,1834.538,111.38
2321,ITA,2017,60390317.0,2086237040647.0,329.85,292.09,37.76,1847.626,114.72
2322,ITA,2018,60277496.0,2105551772855.0,329.96,286.06,43.9,1859.782,104.93
2323,ITA,2019,60130136.0,2115725732767.0,328.13,289.99,38.14,1839.953,101.87
2324,ITA,2020,59912763.0,1925751927111.0,309.01,276.81,32.2,1663.423,92.53
2325,ITA,2021,59729353.0,2060299944789.0,328.28,285.49,42.79,1785.142,96.86
2326,ITA,2022,59619106.0,2136009300257.0,323.16,280.17,42.99,1755.465,105.95
2327,ITA,2023,59499452.0,,312.93,261.68,51.25,1680.654,84.64
2328,ITA,2024,59342870.0,,315.57,264.63,50.94,1696.287,76.09
2352,JPN,2001,127260144.0,4224163277272.0,1083.14,1083.14,0.0,6185.704,459.27
2353,JPN,2002,127484599.0,4226576076119.0,1103.07,1103.07,0.0,6165.896,478.43
2354,JPN,2003,127671254.0,4288493482445.0,1092.59,1092.59,0.0,6162.913,520.42
2355,JPN,2004,127815769.0,4380398118363.0,1121.19,1121.19,0.0,6247.106,504.83
2356,JPN,2005,127913331.0,4450600710060.0,1153.07,1153.07,0.0,6353.936,532.49
2357,JPN,2006,127997247.0,4514225078439.0,1164.35,1164.35,0.0,6336.102,520.75
2358,JPN,2007,128087683.0,4590814009043.0,1180.11,1180.11,0.0,6275.421,554.88
2359,JPN,2008,128155992.0,4542408020234.0,1183.7,1183.7,0.0,6158.084,574.36
2360,JPN,2009,128192471.0,4298103109270.0,1114.02,1114.02,0.0,5622.332,512.68
2361,JPN,2010,128185273.0,4480295644398.0,1156.04,1156.04,0.0,5983.169,516.36
2362,JPN,2011,128096430.0,4468738319171.0,1104.2,1104.2,0.0,5669.594,558.0
2363,JPN,2012,127928283.0,4530172048567.0,1106.88,1106.88,0.0,5615.285,658.07
2364,JPN,2013,127723642.0,4621006950566.0,1087.76,1087.76,0.0,5576.221,648.2
2365,JPN,2014,127486601.0,4634693421103.0,1062.72,1062.72,0.0,5431.795,628.63
2366,JPN,2015,127275868.0,4707025000790.0,1030.12,1030.12,0.0,5363.261,595.46
2367,JPN,2016,127159950.0,4742508721138.0,1063.7,1063.7,0.0,5295.819,603.16
2368,JPN,2017,127064686.0,4821960242931.0,1076.86,1076.86,0.0,5354.196,600.92
2369,JPN,2018,126913432.0,4852985093686.0,1082.93,1082.93,0.0,5317.67,586.37
2370,JPN,2019,126699421.0,4833467877373.0,1047.4,1047.4,0.0,5205.6,553.54
2371,JPN,2020,126304533.0,4626661481209.0,1011.03,1011.03,0.0,4825.24,533.57
2372,JPN,2021,125679342.0,4725883595048.0,1034.67,1034.67,0.0,5029.708,532.33
2373,JPN,2022,124997585.0,4774494846664.0,1040.57,1040.57,0.0,4996.771,540.7
2374,JPN,2023,124370947.0,,1013.26,1013.26,0.0,4858.53,500.13
2375,JPN,2024,123753041.0,,1022.3,1022.3,0.0,4794.816,493.08
2939,MEX,2001,100099101.0,1251502726420.0,210.28,210.22,0.06,1680.273,114.34
2940,MEX,2002,101548627.0,1275458026881.0,215.93,215.73,0.2,1721.102,119.39
2941,MEX,2003,102978517.0,1306677417369.0,224.03,224.9,-0.87,1741.966,128.23
2942,MEX,2004,104394131.0,1373060298988.0,234.12,235.39,-1.27,1843.897,130.39
2943,MEX,2005,105811504.0,1427140428046.0,246.3,247.97,-1.67,2020.163,137.83
2944,MEX,2006,107253666.0,1510732401129.0,255.47,256.25,-0.78,2049.435,140.12
2945,MEX,2007,108774356.0,1572479287017.0,262.09,263.26,-1.17,2068.578,145.9
2946,MEX,2008,110374286.0,1607479004533.0,268.19,269.29,-1.1,2153.625,140.58
2947,MEX,2009,111999720.0,1543820957956.0,266.86,267.76,-0.9,2117.244,148.36
2948,MEX,2010,113623898.0,1638271507559.0,274.62,275.57,-0.95,2125.454,149.34
2949,MEX,2011,115243503.0,1716088331953.0,291.45,292.15,-0.7,2221.887,157.7
2950,MEX,2012,116818208.0,1774999946047.0,297.45,296.39,1.06,2241.891,163.09
2951,MEX,2013,118343572.0,1803059285337.0,297.09,297.12,-0.03,2242.857,162.47
2952,MEX,2014,119784265.0,1854551091374.0,302.8,303.33,-0.53,2230.574,159.43
2953,MEX,2015,121072310.0,1916008739051.0,309.69,310.36,-0.67,2205.421,165.7
2954,MEX,2016,122251344.0,1961906742138.0,320.61,320.35,0.26,2276.179,172.22
2955,MEX,2017,123400052.0,2007719438156.0,329.44,329.09,0.35,2329.706,175.63
2956,MEX,2018,124573713.0,2051539127317.0,350.54,349.29,1.25,2284.338,183.0
2957,MEX,2019,125762978.0,2047701179708.0,345.39,344.57,0.82,2260.167,181.15
2958,MEX,2020,126799053.0,1880176557054.0,329.75,325.74,4.01,2070.562,158.61
2959,MEX,2021,127648151.0,1973141022977.0,329.04,330.0,-0.96,2198.545,152.26
2960,MEX,2022,128613116.0,2033437602787.0,343.25,340.15,3.1,2296.863,160.75
2961,MEX,2023,129739761.0,,357.75,354.86,2.89,2294.144,174.71
2962,MEX,2024,130861001.0,,364.17,361.28,2.89,2310.191,175.16
3218,NLD,2001,16182705.0,620170874924.0,109.42,92.14,17.28,1045.557,50.04
3219,NLD,2002,16288060.0,624424625610.0,111.02,94.64,16.38,1046.061,51.18
3220,NLD,2003,16366914.0,629811489833.0,112.46,95.47,16.99,1053.076,51.82
3221,NLD,2004,16425562.0,646331449347.0,116.04,99.82,16.22,1088.744,52.37
3222,NLD,2005,16465707.0,664118269501.0,116.82,98.53,18.29,1112.242,50.6
3223,NLD,2006,16493851.0,691453801614.0,118.98,97.52,21.46,1089.576,50.05
3224,NLD,2007,16531360.0,721200009128.0,121.29,103.68,17.61,1107.524,53.04
3225,NLD,2008,16597259.0,737705013303.0,122.06,106.21,15.85,1094.389,52.69
3226,NLD,2009,16684148.0,713986817901.0,117.24,112.35,4.89,1079.291,54.86
3227,NLD,2010,16771232.0,728193221597.0,120.88,118.1,2.78,1170.651,56.64
3228,NLD,2011,16851061.0,744614396708.0,121.73,112.64,9.09,1115.092,53.36
3229,NLD,2012,16915191.0,736942199791.0,119.38,102.27,17.11,1095.699,50.75
3230,NLD,2013,16967066.0,735982982299.0,118.8,100.56,18.24,1062.885,50.52
3231,NLD,2014,17030085.0,746458868661.0,116.83,102.1,14.73,1016.331,53.44
3232,NLD,2015,17107429.0,761083250759.0,117.74,108.99,8.75,1026.468,60.28
3233,NLD,2016,17204693.0,777764090323.0,118.87,113.96,4.91,1044.043,59.85
3234,NLD,2017,17315376.0,800404023156.0,119.55,116.04,3.51,1052.102,56.85
3235,NLD,2018,17421285.0,819300805024.0,121.07,113.1,7.97,1026.139,52.83
3236,NLD,2019,17537505.0,835323029559.0,120.91,120.05,0.86,1021.537,49.22
3237,NLD,2020,17636732.0,802861622095.0,119.3,121.96,-2.66,989.343,41.82
3238,NLD,2021,17730565.0,841906706612.0,121.05,120.8,0.25,1015.026,42.55
3239,NLD,2022,17904421.0,879609110665.0,115.52,119.79,-4.27,954.098,39.06
3240,NLD,2023,18092526.0,,113.85,119.51,-5.66,939.9,32.11
3241,NLD,2024,18228740.0,,117.92,122.3,-4.38,926.465,30.98
3676,POL,2001,38247359.0,499086644170.0,136.99,143.72,-6.73,1010.456,136.47
3677,POL,2002,38229407.0,514089670231.0,135.42,142.49,-7.07,999.579,134.74
3678,POL,2003,38203527.0,537330337680.0,139.85,150.01,-10.16,1034.207,142.48
3679,POL,2004,38167568.0,570430122148.0,143.25,152.54,-9.29,1041.219,143.58
3680,POL,2005,38124377.0,595958527688.0,144.1,155.29,-11.19,1061.937,144.77
3681,POL,2006,38071169.0,638713864539.0,149.71,160.7,-10.99,1110.359,149.76
3682,POL,2007,38020420.0,690249985288.0,153.17,158.52,-5.35,1104.644,146.71
3683,POL,2008,37995902.0,726319216200.0,153.83,154.5,-0.67,1124.428,141.92
3684,POL,2009,38002153.0,760579624624.0,148.67,150.86,-2.19,1085.191,136.51
3685,POL,2010,38095356.0,795619859853.0,155.42,156.77,-1.35,1157.25,140.01
3686,POL,2011,38208644.0,843236863910.0,157.63,162.87,-5.24,1162.666,143.61
3687,POL,2012,38247867.0,856266755052.0,158.64,161.48,-2.84,1127.927,139.0
3688,POL,2013,38259267.0,863601156195.0,159.26,163.78,-4.52,1131.318,141.38
3689,POL,2014,38265113.0,896737189458.0,160.52,158.35,2.17,1089.354,133.66
3690,POL,2015,38266314.0,936043804062.0,163.97,164.3,-0.33,1103.013,135.74
3691,POL,2016,38263260.0,963689941627.0,168.0,166.0,2.0,1150.245,135.89
3692,POL,2017,38254964.0,1013223736654.0,172.2,169.91,2.29,1208.289,136.91
3693,POL,2018,38241070.0,1073462064151.0,175.12,169.43,5.69,1222.083,137.12
3694,POL,2019,38225884.0,1121231497071.0,173.84,163.22,10.62,1187.268,125.99
3695,POL,2020,38171005.0,1098581305284.0,170.42,157.15,13.27,1139.234,116.09
3696,POL,2021,38040303.0,1173809548862.0,179.68,178.79,0.89,1224.758,135.32
3697,POL,2022,38385734.0,1231021338216.0,176.92,178.6,-1.68,1186.868,130.91
3698,POL,2023,38762847.0,,168.19,164.45,3.74,1132.88,107.76
3699,POL,2024,38539209.0,,172.03,170.2,1.83,1125.569,104.67
3819,RUS,2001,146117290.0,1662886727147.0,875.41,891.27,-15.86,7328.268,408.56
3820,RUS,2002,145939502.0,1781424730851.0,878.34,891.28,-12.94,7298.46,412.79
3821,RUS,2003,145794230.0,1955875991276.0,902.91,916.29,-13.38,7448.467,426.42
3822,RUS,2004,145180091.0,2143914665541.0,924.29,931.91,-7.62,7514.088,422.92
3823,RUS,2005,144597886.0,2331247104465.0,941.73,954.11,-12.38,7503.903,436.5
3824,RUS,2006,144102948.0,2576148450528.0,976.31,992.12,-15.81,7836.937,458.95
3825,RUS,2007,143859767.0,2858759376272.0,1005.9,1018.7,-12.8,7878.335,466.85
3826,RUS,2008,143811837.0,3078094367564.0,1022.37,1040.0,-17.63,7914.626,494.22
3827,RUS,2009,143869128.0,2903690263125.0,978.24,993.1,-14.86,7522.19,449.06
3828,RUS,2010,143934468.0,3105249267337.0,1020.57,1038.02,-17.45,7814.236,475.52
3829,RUS,2011,144043751.0,3306765993750.0,1032.31,1054.86,-22.55,8080.549,486.71
3830,RUS,2012,144291025.0,3439833075673.0,1052.79,1069.27,-16.48,8128.363,493.9
3831,RUS,2013,144604105.0,3500216789791.0,1045.4,1059.08,-13.68,8032.525,476.77
3832,RUS,2014,144925639.0,3525987597216.0,1056.15,1064.2,-8.05,8057.762,478.13
3833,RUS,2015,145307612.0,3456429719677.0,1055.89,1067.55,-11.66,7930.555,474.37
3834,RUS,2016,145778668.0,3463123938280.0,1076.47,1090.97,-14.5,8086.063,483.02
3835,RUS,2017,146186798.0,3526353842599.0,1080.57,1091.17,-10.6,8135.743,479.71
3836,RUS,2018,146430146.0,3625347362801.0,1096.59,1109.19,-12.6,8432.209,487.3
3837,RUS,2019,146533063.0,3705035583500.0,1099.73,1118.16,-18.43,8370.03,492.03
3838,RUS,2020,146371295.0,3606716578675.0,1074.68,1085.42,-10.74,8075.713,453.33
3839,RUS,2021,145836172.0,3809571453737.0,1135.73,1157.07,-21.34,8331.266,493.87
3840,RUS,2022,145579889.0,3731440829579.0,1150.54,1166.94,-16.4,8626.76,511.61
3841,RUS,2023,145440502.0,,1162.44,1178.25,-15.81,8760.904,524.35
3842,RUS,2024,144820421.0,,1194.84,1211.32,-16.48,9049.149,544.12
4027,SAU,2001,17041405.0,506978101388.0,146.09,146.09,0.0,1422.332,101.85
4028,SAU,2002,17910909.0,518347038548.0,154.91,154.91,0.0,1481.383,108.39
4029,SAU,2003,18786771.0,607244594721.0,166.58,166.58,0.0,1569.191,116.42
4030,SAU,2004,19669486.0,690846607941.0,173.41,173.41,0.0,1702.448,121.47
4031,SAU,2005,20559886.0,768984265306.0,191.05,191.05,0.0,1811.106,133.76
4032,SAU,2006,21459141.0,833723402383.0,196.31,196.31,0.0,1900.17,136.98
4033,SAU,2007,22368313.0,896025266041.0,204.43,204.43,0.0,1944.057,142.18
4034,SAU,2008,23287884.0,1005243539213.0,204.2,204.2,0.0,2128.464,141.88
4035,SAU,2009,24217656.0,1040467027041.0,217.31,217.31,0.0,2205.138,150.01
4036,SAU,2010,25157134.0,1156842077931.0,248.77,248.77,0.0,2451.107,172.0
4037,SAU,2011,26105636.0,1347950226660.0,259.08,259.15,-0.07,2557.291,179.14
4038,SAU,2012,27062447.0,1421109142119.0,281.58,281.63,-0.05,2714.211,195.1
4039,SAU,2013,28026825.0,1461615692896.0,294.67,294.72,-0.05,2731.22,204.26
4040,SAU,2014,28998127.0,1520484201383.0,328.15,328.2,-0.05,2931.717,227.3
4041,SAU,2015,29974944.0,1591797027903.0,350.59,350.64,-0.05,3056.625,243.02
4042,SAU,2016,30717804.0,1629412617614.0,356.94,357.66,-0.72,3179.844,249.37
4043,SAU,2017,30782400.0,1628276592787.0,394.96,394.99,-0.03,3181.819,276.48
4044,SAU,2018,30365119.0,1673253984473.0,374.74,374.77,-0.03,3101.678,263.42
4045,SAU,2019,30472809.0,1687180073621.0,378.85,378.55,0.3,2967.379,265.63
4046,SAU,2020,30991206.0,1613932868835.0,380.53,380.9,-0.37,2888.253,267.83
4047,SAU,2021,31328374.0,1677226744197.0,392.9,392.94,-0.04,2982.346,275.65
4048,SAU,2022,32175351.0,1823886192336.0,401.22,401.26,-0.04,3150.054,280.93
4049,SAU,2023,33264289.0,,422.83,422.87,-0.04,3200.741,294.45
4050,SAU,2024,33962751.0,,,454.644,,3290.424,
4286,KOR,2001,47043467.0,1127616204375.0,309.88,309.88,0.0,2315.477,147.28
4287,KOR,2002,47299118.0,1203066586464.0,332.01,332.01,0.0,2420.716,156.97
4288,KOR,2003,47514158.0,1229830453921.0,347.77,347.77,0.0,2497.259,159.24
4289,KOR,2004,47697076.0,1281243847324.0,368.02,368.02,0.0,2564.583,170.25
4290,KOR,2005,47851646.0,1322354601142.0,389.47,389.47,0.0,2642.637,175.09
4291,KOR,2006,48006518.0,1381281470156.0,402.99,402.99,0.0,2686.042,181.82
4292,KOR,2007,48178122.0,1446721509093.0,425.41,425.41,0.0,2765.685,201.48
4293,KOR,2008,48356485.0,1477425172333.0,442.61,442.61,0.0,2816.136,211.33
4294,KOR,2009,48546690.0,1477640571750.0,452.45,452.45,0.0,2832.924,224.27
4295,KOR,2010,48769329.0,1562822824921.0,495.02,495.02,0.0,3056.228,247.85
4296,KOR,2011,49127640.0,1609219825000.0,518.16,518.16,0.0,3208.351,257.56
4297,KOR,2012,49599580.0,1647889319531.0,531.2,531.2,0.0,3242.844,266.8
4298,KOR,2013,50071168.0,1700045113031.0,537.17,537.17,0.0,3242.374,275.19
4299,KOR,2014,50539055.0,1754480590300.0,540.38,540.38,0.0,3269.37,266.75
4300,KOR,2015,50983909.0,1803763858886.0,547.8,547.8,0.0,3320.509,267.39
4301,KOR,2016,51297836.0,1856920794289.0,560.99,560.99,0.0,3438.942,274.82
4302,KOR,2017,51486268.0,1915599559593.0,576.41,576.41,0.0,3479.517,294.48
4303,KOR,2018,51640894.0,1971285914824.0,592.9,592.9,0.0,3562.572,307.29
4304,KOR,2019,51767844.0,2015521635585.0,586.8,586.8,0.0,3515.935,291.31
4305,KOR,2020,51858481.0,2001231642062.0,577.12,577.12,0.0,3389.709,263.95
4306,KOR,2021,51848401.0,2084182684453.0,607.76,607.76,0.0,3573.318,279.13
4307,KOR,2022,51782515.0,2137558645699.0,624.6,624.6,0.0,3619.57,273.69
4308,KOR,2023,51748744.0,,617.92,617.92,0.0,3557.898,267.01
4309,KOR,2024,51717587.0,,622.03,622.03,0.0,3616.218,257.69
4323,ESP,2001,41245602.0,1147959133197.0,236.52,233.07,3.45,1587.078,98.48
4324,ESP,2002,41755703.0,1191323484900.0,245.24,239.91,5.33,1614.626,115.62
4325,ESP,2003,42506540.0,1239651963472.0,258.56,257.3,1.26,1694.781,110.45
4326,ESP,2004,43234562.0,1289831715789.0,273.58,276.61,-3.03,1744.459,124.24
4327,ESP,2005,43958883.0,1348839731490.0,288.12,289.46,-1.34,1770.33,137.52
4328,ESP,2006,44695446.0,1415738502534.0,292.31,295.59,-3.28,1783.067,127.93
4329,ESP,2007,45516501.0,1481143208580.0,296.11,301.86,-5.75,1828.408,132.48
4330,ESP,2008,46235055.0,1510615290401.0,298.75,309.79,-11.04,1774.594,120.9
4331,ESP,2009,46635182.0,1468765814163.0,282.62,290.72,-8.1,1652.099,103.22
4332,ESP,2010,46840469.0,1480376411582.0,289.47,297.8,-8.33,1692.348,85.84
4333,ESP,2011,46998040.0,1477187548437.0,285.45,291.54,-6.09,1661.356,98.34
4334,ESP,2012,47018323.0,1433478645419.0,282.75,293.95,-11.2,1647.511,103.22
4335,ESP,2013,46860394.0,1413362053623.0,274.71,281.46,-6.75,1578.531,80.75
4336,ESP,2014,46720187.0,1433089409797.0,271.03,274.44,-3.41,1554.219,79.32
4337,ESP,2015,46683683.0,1488098863146.0,277.04,277.17,-0.13,1573.144,91.06
4338,ESP,2016,46732768.0,1533303930046.0,278.37,270.7,7.67,1582.913,76.59
4339,ESP,2017,46868594.0,1578931492849.0,281.55,272.38,9.17,1602.043,89.67
4340,ESP,2018,47092817.0,1615001473949.0,282.5,271.4,11.1,1628.672,78.94
4341,ESP,2019,47435121.0,1647042667976.0,277.38,270.52,6.86,1583.871,66.73
4342,ESP,2020,47679482.0,1460507935923.0,262.75,259.47,3.28,1422.96,51.66
4343,ESP,2021,47735670.0,1541121952313.0,271.6,270.75,0.85,1531.899,52.4
4344,ESP,2022,47828386.0,1625139888517.0,267.35,287.15,-19.8,1592.166,62.35
4345,ESP,2023,47911583.0,,265.88,279.84,-13.96,1569.631,47.37
4346,ESP,2024,47910533.0,,270.08,280.39,-10.31,1624.246,40.98
4418,SWE,2001,8896018.0,308398096624.0,154.31,161.6,-7.29,695.756,7.56
4419,SWE,2002,8925045.0,317463771012.0,152.06,146.7,5.36,649.472,8.25
4420,SWE,2003,8958434.0,326402407102.0,148.22,135.39,12.83,609.237,9.28
4421,SWE,2004,8993805.0,341901244849.0,149.46,151.56,-2.1,664.597,7.28
4422,SWE,2005,9029771.0,354496929423.0,150.97,158.36,-7.39,673.01,6.83
4423,SWE,2006,9080628.0,372234670461.0,149.32,143.28,6.04,630.143,7.12
4424,SWE,2007,9148280.0,387881844813.0,150.14,148.82,1.32,641.107,6.85
4425,SWE,2008,9219903.0,388980516356.0,147.94,149.9,-1.96,638.565,7.17
4426,SWE,2009,9298738.0,373026350439.0,141.29,136.6,4.69,579.813,6.98
4427,SWE,2010,9378234.0,399838964466.0,150.53,148.45,2.08,621.735,9.46
4428,SWE,2011,9449263.0,397617949429.0,143.05,150.28,-7.23,612.016,7.86
4429,SWE,2012,9519477.0,395278763366.0,146.87,166.44,-19.57,645.245,7.44
4430,SWE,2013,9600620.0,399973749048.0,143.03,153.03,-10.0,603.543,6.84
4431,SWE,2014,9696438.0,410604225974.0,137.94,153.56,-15.62,600.777,6.17
4432,SWE,2015,9799483.0,429037422635.0,139.4,162.0,-22.6,622.062,6.62
4433,SWE,2016,9923281.0,437921057919.0,144.16,155.89,-11.73,609.401,6.7
4434,SWE,2017,10057864.0,449166531542.0,145.24,164.23,-18.99,631.343,6.98
4435,SWE,2018,10175400.0,457925387676.0,146.14,163.36,-17.22,609.195,6.98
4436,SWE,2019,10279120.0,467020665386.0,142.26,168.42,-26.16,625.819,7.13
4437,SWE,2020,10353682.0,456885314424.0,138.78,163.78,-25.0,600.279,6.34
4438,SWE,2021,10416134.0,481492421258.0,146.21,171.78,-25.57,633.68,7.17
4439,SWE,2022,10487335.0,494214521158.0,139.83,173.05,-33.22,621.681,7.1
4440,SWE,2023,10551493.0,,137.95,166.44,-28.49,599.356,6.39
4441,SWE,2024,10606993.0,,139.32,172.79,-33.47,610.004,6.19
4442,CHE,2001,7226391.0,325520166982.0,60.61,71.05,-10.44,389.127,2.37
4443,CHE,2002,7278744.0,331802188855.0,60.9,65.41,-4.51,362.244,2.24
4444,CHE,2003,7333451.0,337991874208.0,62.23,65.34,-3.11,358.359,2.25
4445,CHE,2004,7384196.0,353894703206.0,63.17,63.87,-0.7,357.158,2.25
4446,CHE,2005,7431824.0,371135459405.0,64.15,57.8,6.35,340.782,2.2
4447,CHE,2006,7478514.0,393075108386.0,64.83,62.13,2.7,350.093,2.25
4448,CHE,2007,7545386.0,416832821635.0,64.37,66.43,-2.06,354.893,2.29
4449,CHE,2008,7641730.0,433739216893.0,65.91,67.04,-1.13,362.542,2.29
4450,CHE,2009,7737644.0,431737407420.0,64.51,66.67,-2.16,355.006,2.27
4451,CHE,2010,7825750.0,451139715920.0,66.57,66.05,0.52,359.477,2.37
4452,CHE,2011,7914379.0,467103594697.0,65.47,62.88,2.59,334.923,2.28
4453,CHE,2012,7998927.0,472611933649.0,65.93,68.13,-2.2,354.065,2.47
4454,CHE,2013,8091199.0,481081829913.0,66.29,68.69,-2.4,359.146,2.44
4455,CHE,2014,8190238.0,492386642888.0,64.59,70.08,-5.49,344.44,2.41
4456,CHE,2015,8283940.0,500484653705.0,65.04,66.07,-1.03,336.322,2.35
4457,CHE,2016,8374903.0,510838097521.0,65.02,61.1,3.92,316.245,2.41
4458,CHE,2017,8453630.0,517799793781.0,65.7,60.15,5.55,316.995,2.39
4459,CHE,2018,8516341.0,532611137213.0,64.7,66.29,-1.59,321.458,2.39
4460,CHE,2019,8577525.0,538693495449.0,64.31,70.57,-6.26,335.955,2.49
4461,CHE,2020,8640582.0,525896489462.0,62.93,68.49,-5.56,309.602,2.51
4462,CHE,2021,8707019.0,548098275898.0,65.5,63.09,2.41,290.088,2.43
4463,CHE,2022,8792180.0,559384947989.0,64.87,61.73,3.14,297.485,2.3
4464,CHE,2023,8870564.0,,63.86,70.25,-6.39,317.269,2.67
4465,CHE,2024,8921979.0,,65.21,78.69,-13.48,339.266,2.88
4490,TWN,2001,22446254.0,582366336280.0,188.53,188.53,0.0,1053.746,123.35
4491,TWN,2002,22566898.0,612808812199.0,198.84,198.84,0.0,1095.925,130.1
4492,TWN,2003,22664130.0,636240085985.0,209.06,209.06,0.0,1145.434,139.21
4493,TWN,2004,22745432.0,675272430215.0,218.41,218.41,0.0,1193.288,144.99
4494,TWN,2005,22824932.0,709313986797.0,227.5,227.5,0.0,1208.752,151.34
4495,TWN,2006,22914644.0,745965982529.0,235.54,235.54,0.0,1241.097,157.68
4496,TWN,2007,23006921.0,791900583149.0,243.11,243.11,0.0,1292.834,162.79
4497,TWN,2008,23086238.0,794389614968.0,238.31,238.31,0.0,1244.95,157.29
4498,TWN,2009,23164353.0,779014502319.0,230.05,230.05,0.0,1208.296,151.29
4499,TWN,2010,23224049.0,859487483344.0,247.05,247.05,0.0,1294.536,161.36
4500,TWN,2011,23273078.0,888546864638.0,252.15,252.15,0.0,1290.155,164.46
4501,TWN,2012,23345963.0,908290377366.0,250.37,250.37,0.0,1279.385,162.55
4502,TWN,2013,23416870.0,930852328389.0,252.33,252.33,0.0,1304.708,162.5
4503,TWN,2014,23472811.0,974779255338.0,259.96,259.96,0.0,1333.887,167.79
4504,TWN,2015,23529260.0,989069527295.0,258.14,258.14,0.0,1332.951,167.84
4505,TWN,2016,23586140.0,1010482869589.0,264.11,264.11,0.0,1339.758,174.08
4506,TWN,2017,23632950.0,1043939947916.0,270.26,270.26,0.0,1340.768,185.03
4507,TWN,2018,23659308.0,1073034529603.0,275.53,275.53,0.0,1354.551,185.19
4508,TWN,2019,23674137.0,1105912366266.0,274.19,274.19,0.0,1328.146,177.94
4509,TWN,2020,23663461.0,1143369531447.0,279.99,279.99,0.0,1289.167,181.44
4510,TWN,2021,23558330.0,1218008773904.0,291.03,291.03,0.0,1370.345,189.76
4511,TWN,2022,23420107.0,1247874288934.0,288.19,288.19,0.0,1316.818,184.23
4512,TWN,2023,23317145.0,,282.14,282.14,0.0,1256.377,181.81
4513,TWN,2024,23213964.0,,288.35,288.35,0.0,1253.847,183.29
4561,THA,2001,63651137.0,596448007832.0,103.7,100.99,2.71,782.208,61.15
4562,THA,2002,64266433.0,630177413705.0,111.06,108.44,2.62,847.941,64.32
4563,THA,2003,64868164.0,672602585235.0,118.21,115.94,2.27,911.69,68.57
4564,THA,2004,65452049.0,712165919937.0,127.25,124.13,3.12,989.731,74.39
4565,THA,2005,66017415.0,739238460898.0,134.3,130.43,3.87,1021.117,78.36
4566,THA,2006,66567685.0,773067090714.0,141.35,136.78,4.57,1042.998,81.87
4567,THA,2007,67102388.0,811667437725.0,146.27,142.53,3.74,1078.653,86.5
4568,THA,2008,67619835.0,822020817321.0,147.26,145.44,1.82,1078.545,88.56
4569,THA,2009,68121077.0,812859746470.0,147.05,145.9,1.15,1108.913,88.4
4570,THA,2010,68579443.0,870109340511.0,163.51,157.57,5.94,1179.445,95.54
4571,THA,2011,69007212.0,873642799890.0,162.74,153.3,9.44,1212.482,92.13
4572,THA,2012,69436091.0,936920832597.0,177.58,168.96,8.62,1292.871,101.02
4573,THA,2013,69845112.0,962095812070.0,179.93,168.64,11.29,1312.864,101.65
4574,THA,2014,70216362.0,971562808709.0,183.95,173.76,10.19,1357.17,104.65
4575,THA,2015,70540787.0,1002011619070.0,189.98,177.83,12.15,1377.446,106.35
4576,THA,2016,70859835.0,1036430730493.0,198.21,179.82,18.39,1405.572,107.25
4577,THA,2017,71160183.0,1079732734924.0,200.05,176.73,23.32,1432.683,103.25
4578,THA,2018,71376081.0,1125329902301.0,203.34,177.76,25.58,1478.376,101.09
4579,THA,2019,71522264.0,1149130685920.0,209.17,186.51,22.66,1479.745,105.02
4580,THA,2020,71641484.0,1078332670656.0,203.41,176.48,26.93,1379.634,100.84
4581,THA,2021,71727338.0,1095187026392.0,207.75,176.36,31.39,1386.818,99.98
4582,THA,2022,71735321.0,1124143758569.0,213.78,180.37,33.41,1387.88,101.21
4583,THA,2023,71702436.0,,224.04,190.49,33.55,1388.184,104.74
4584,THA,2024,71668010.0,,236.63,199.55,37.08,1420.819,110.65
4679,TUR,2001,66245125.0,732284634333.0,126.39,122.24,4.15,784.469,73.99
4680,TUR,2002,67048792.0,796073298321.0,131.61,128.46,3.15,859.186,68.91
4681,TUR,2003,67831735.0,848549642280.0,140.11,139.54,0.57,909.418,73.23
4682,TUR,2004,68592621.0,931152861082.0,149.07,149.75,-0.68,973.841,74.01
4683,TUR,2005,69329557.0,1017383777200.0,160.47,161.63,-1.16,996.115,87.86
4684,TUR,2006,70045351.0,1096826103018.0,174.59,176.25,-1.66,1105.051,94.73
4685,TUR,2007,70750593.0,1158406990670.0,189.96,191.52,-1.56,1173.72,110.66
4686,TUR,2008,71562343.0,1179868355277.0,198.04,198.37,-0.33,1176.681,117.74
4687,TUR,2009,72464846.0,1122756788420.0,194.08,194.81,-0.73,1192.739,112.41
4688,TUR,2010,73346766.0,1240496805446.0,210.41,211.18,-0.77,1253.167,110.88
4689,TUR,2011,74215203.0,1364782716000.0,230.3,229.39,0.91,1337.026,124.1
4690,TUR,2012,75197196.0,1430132002360.0,242.36,239.49,2.87,1421.041,126.4
4691,TUR,2013,76403032.0,1551491738617.0,246.35,240.15,6.2,1412.188,122.47
4692,TUR,2014,78036154.0,1628131977724.0,257.21,251.95,5.26,1454.355,142.92
4693,TUR,2015,80014222.0,1727192876718.0,265.71,261.77,3.94,1589.021,132.1
4694,TUR,2016,81652087.0,1784590365590.0,279.28,274.4,4.88,1669.239,143.45
4695,TUR,2017,83083667.0,1918472081554.0,296.71,297.29,-0.58,1787.342,158.84
4696,TUR,2018,84415966.0,1975637604336.0,299.52,300.15,-0.63,1787.873,162.64
4697,TUR,2019,85357670.0,1991116616493.0,299.6,300.18,-0.58,1849.129,146.62
4698,TUR,2020,86091691.0,2029749392174.0,301.41,302.0,-0.59,1821.829,145.7
4699,TUR,2021,86686254.0,2260196231771.0,326.03,327.88,-1.85,1950.923,164.14
4700,TUR,2022,87058469.0,2385996374127.0,323.29,320.56,2.73,1969.05,156.4
4701,TUR,2023,87270502.0,,323.81,319.79,4.02,1961.496,157.88
4702,TUR,2024,87473800.0,,341.86,341.22,0.64,2093.058,160.27
4844,GBR,2001,59288095.0,1939268312671.0,395.17,384.77,10.4,2691.806,203.54
4845,GBR,2002,59540764.0,1983994308619.0,395.65,387.24,8.41,2630.84,201.71
4846,GBR,2003,59820385.0,2050625402735.0,400.37,398.21,2.16,2668.734,213.75
4847,GBR,2004,60169964.0,2099526641365.0,401.41,393.92,7.49,2690.652,211.15
4848,GBR,2005,60596107.0,2161729510824.0,406.67,398.35,8.32,2712.682,213.22
4849,GBR,2006,61051093.0,2212618867772.0,404.79,397.27,7.52,2678.337,222.21
4850,GBR,2007,61535859.0,2267631534502.0,402.02,396.81,5.21,2604.192,220.65
4851,GBR,2008,62027303.0,2252034759561.0,399.98,388.96,11.02,2558.816,215.63
4852,GBR,2009,62506222.0,2151479208521.0,379.62,376.76,2.86,2422.812,190.13
4853,GBR,2010,63006482.0,2190919919855.0,384.72,382.06,2.66,2475.146,197.6
4854,GBR,2011,63509285.0,2223011392593.0,374.19,367.97,6.22,2332.188,183.85
4855,GBR,2012,63960488.0,2255210551431.0,375.73,363.87,11.86,2375.146,195.48
4856,GBR,2013,64389386.0,2296252599482.0,372.71,358.28,14.43,2388.473,181.62
4857,GBR,2014,64865914.0,2369725553442.0,358.6,338.08,20.52,2255.708,156.49
4858,GBR,2015,65382107.0,2426435869267.0,359.98,338.87,21.11,2279.467,134.8
4859,GBR,2016,65893359.0,2478973016876.0,356.93,339.18,17.75,2246.922,113.1
4860,GBR,2017,66354473.0,2539548543933.0,352.98,338.22,14.76,2251.043,102.21
4861,GBR,2018,66752473.0,2582848171416.0,352.83,333.72,19.11,2246.424,95.31
4862,GBR,2019,67110958.0,2624285076706.0,348.28,327.11,21.17,2192.985,87.77
4863,GBR,2020,67351860.0,2334804059780.0,333.15,314.9,18.25,1982.843,77.68
4864,GBR,2021,67668788.0,2512190098029.0,333.92,309.18,24.74,1990.967,83.09
4865,GBR,2022,68179315.0,2615230634906.0,317.99,322.29,-4.3,2009.944,80.82
4866,GBR,2023,68682965.0,,309.22,285.92,23.3,1929.626,65.26
4867,GBR,2024,69138185.0,,314.52,281.33,33.19,1936.96,59.33
4868,USA,2001,284279634.0,13073810008320.0,3749.6,3727.57,22.03,25918.357,2273.43
4869,USA,2002,287084335.0,13307343638671.0,3865.21,3844.23,20.98,26297.27,2309.08
4870,USA,2003,289908091.0,13680911930765.0,3875.36,3868.94,6.42,26383.084,2345.91
4871,USA,2004,292786248.0,14198910513593.0,3963.26,3951.95,11.31,26899.117,2380.84
4872,USA,2005,295716666.0,14673826218839.0,4059.77,4034.99,24.78,26912.564,2438.72
4873,USA,2006,298730208.0,15065164240312.0,4065.36,4046.94,18.42,26699.963,2409.79
4874,USA,2007,301844223.0,15333183877566.0,4173.82,4142.57,31.25,27066.711,2479.23
4875,USA,2008,304970325.0,15288552732632.0,4140.35,4107.53,32.82,26407.25,2428.93
4876,USA,2009,308023452.0,14864003344421.0,3973.87,3939.82,34.05,25110.527,2226.08
4877,USA,2010,311062785.0,15239586726210.0,4139.92,4113.94,25.98,25953.547,2348.29
4878,USA,2011,314105075.0,15477885525000.0,4126.12,4088.87,37.25,25729.088,2250.84
4879,USA,2012,317115349.0,15830886903539.0,4087.93,4040.67,47.26,25047.367,2152.75
4880,USA,2013,320110752.0,16122472460312.0,4113.49,4055.61,57.88,25728.629,2163.41
4881,USA,2014,323115377.0,16491319003554.0,4149.22,4096.01,53.21,25995.914,2168.46
4882,USA,2015,326126496.0,16937633974582.0,4150.66,4083.99,66.67,25747.426,2062.03
4883,USA,2016,329179423.0,17220065720000.0,4154.06,4087.56,66.5,25727.051,1975.74
4884,USA,2017,332204657.0,17606124654726.0,4108.62,4052.31,56.31,25822.156,1900.61
4885,USA,2018,335056492.0,18124692769570.0,4246.01,4201.55,44.46,26768.988,1943.59
4886,USA,2019,337790069.0,18540552700117.0,4197.42,4158.38,39.04,26578.494,1827.23
4887,USA,2020,339436156.0,18027359681343.0,4090.49,4043.18,47.31,24630.395,1664.57
4888,USA,2021,340161438.0,19099378164000.0,4192.93,4153.62,39.31,25956.828,1760.06
4889,USA,2022,341534041.0,19493170182843.0,4328.1,4286.89,41.21,26512.51,1759.2
4890,USA,2023,343477330.0,,4272.81,4253.91,18.9,26216.545,1671.14
4891,USA,2024,345426566.0,,4401.07,4387.26,13.81,26528.611,1682.73
